{"cameraMode":{"drawMode":0,"name":"Shaded","section":"Shading Mode"},"sceneLighting":true,"audioPlay":false,"sceneViewState":{"showFog":true,"showMaterialUpdate":false,"showSkybox":true,"showFlares":true,"showImageEffects":true,"showParticleSystems":true},"in2DMode":false,"pivot":{"x":408.7559814453125,"y":334.67449951171877,"z":5.12164306640625},"rotation":{"x":-0.033301275223493579,"y":-0.01139601320028305,"z":0.0003797365352511406,"w":-0.9993804693222046},"size":310.38543701171877,"orthographic":false}