{"cameraMode":{"drawMode":0,"name":"Shaded","section":"Shading Mode"},"sceneLighting":true,"audioPlay":false,"sceneViewState":{"showFog":true,"showMaterialUpdate":false,"showSkybox":true,"showFlares":true,"showImageEffects":true,"showParticleSystems":true},"in2DMode":false,"pivot":{"x":36.10853576660156,"y":132.61087036132813,"z":363.6998291015625},"rotation":{"x":0.06383760273456574,"y":0.09773904830217362,"z":0.006282263435423374,"w":-0.9931464195251465},"size":486.368896484375,"orthographic":false}